﻿Label,StoryIndex,Longitude,Latitude,Active
Edge of the World,25,45.992322,24.944623,FALSE
Historical Diriyah,20,46.572876,24.733276,FALSE
Historical Old Jeddah,12,39.18573,21.487915,FALSE
Mount Souda,46,42.363708,18.270874,FALSE
Al Wa'ba Crater,19,41.139282,22.901123,FALSE
Rijal Alma',47,42.273926,18.212524,FALSE
Mada'in Saleh,2,37.953461,26.783508,FALSE
Farasan Islands,48,42.11731,16.703125,FALSE
Ushaiqer Heritage Village,28,45.193726,25.338928,FALSE
Jubbat Ha’il,39,40.916725,28.019291,FALSE
Al-Ahsa Oasis,32,49.643494,25.409119,FALSE
Dhee Ayn - Marble Village,45,41.442688,19.930298,FALSE
The Empty Quarter,38,50.480103,21.509094,FALSE
Dedan's Lion Tombs,5,37.91571,26.647278,FALSE
Al Asfar Lake,36,49.799316,25.525513,FALSE
Al Qara Mountain,33,49.692322,25.411926,FALSE
Al-Hijaz Railway Station & Museum - Al-Madinah,8,39.600708,24.461731,FALSE
Dissa Valley,30,36.523682,27.634277,FALSE
Lajab Valley,50,42.933472,17.602478,FALSE
Harrat Khaybar,10,39.947144,25.66512,FALSE
Fayfa Mountains,51,43.098694,17.251709,FALSE
Elephant Rock,4,37.981596,26.689226,FALSE
Al-Ula Heritage Village,7,37.915208,26.625051,FALSE
Al-Hijaz Railway Station - Mada'in Saleh,8,37.948955,26.80534,FALSE
Qaisariya Souk,35,49.589289,25.376916,FALSE
Ibrahim Palace,34,49.586827,25.378985,FALSE
Ancient Camels' Trail,26,46.407378,24.505139,FALSE
Nassif House,13,39.187707,21.483949,FALSE
Al-Hijaz Railway Station - Tabuk,8,36.561883,28.387872,FALSE
Janadriyah Festival,27,46.796843,24.963353,FALSE
Souq Okaz Festival,17,40.645995,21.472228,FALSE
Taif Rose Festival,18,40.424965,21.228807,FALSE
Marid Castle,41,39.867417,29.811373,FALSE
Al-Rajajil Stones,44,40.219685,29.812792,FALSE
Za'abal Castle,43,40.201832,29.993087,FALSE
Al Masmak Fort,24,46.713382,24.631222,FALSE
Murabbaa Palace,22,46.709151,24.646462,FALSE
National Museum,23,46.710873,24.647417,FALSE
Shubra Palace,15,40.415098,21.286257,FALSE
Al Tayebat International City,14,39.176875,21.581159,FALSE
Al Uqair Port,37,50.214682,25.644473,FALSE
Najran,52,44.131862,17.490068,FALSE
Omar Bin Al Khattab Mosque,42,39.867525,29.811963,FALSE
Al Dar'i Quarter,42,39.867482,29.812268,FALSE
Tayma,31,38.553435,27.634745,FALSE
Tabuk Castle,29,36.556613,28.382766,FALSE
Dedan's Ancient City,5,37.913968,26.656159,FALSE
Al-Hada,16,40.281555,21.358731,FALSE
Al-Shafa,16,40.317432,21.071962,FALSE
